Revenue,Expenses,Profit,Assets,Liabilities,Equity
131958,130885,12356,5249534,4094630,966011
681155,376921,104451,3414344,4175279,3667905
141932,22368,178600,149976,4841882,4035129
375838,151400,455655,2622620,4379454,3771509
269178,193014,-45376,2127320,1045893,802955
654167,96751,303322,1912105,3246247,1276571
120268,235203,134565,5861703,1889050,1771126
742180,294450,-31992,2047238,2720492,4120993
64886,483667,277539,9884404,2505257,303313
147337,175987,16492,6430034,3027299,4358366
531430,304363,-27760,4909045,2984317,1612525
964698,216951,226459,8697467,4016914,1727355
97498,200716,172900,6502891,3353481,3956617
909159,65279,361227,7131845,4587454,3493974
922756,320172,198522,5494418,1596064,3252792
185203,371407,35327,145475,3290641,4910318
201335,5126,65575,8180552,2765548,1457922
288167,319473,399499,3403364,829091,143114
51090,32632,393948,5496364,2416789,2963718
339365,201382,207257,3339254,2216791,4695942
74820,114945,498357,1199577,3427180,1897717
797201,322320,129189,9332689,1756930,694076
331879,255869,298465,6583485,1014795,3978178
728315,222138,151051,4723037,2633236,149133
337069,180399,411778,7059972,1628458,3819697
786997,467120,171830,7332024,1859771,4549469
209041,139869,405629,1702970,319515,1472597
801743,183954,215507,8291922,1670179,280001
113355,149790,259687,8374125,3847267,4627631
245796,39560,75915,1631064,721986,3407570
224176,343733,354179,4511887,2384482,1409298
194779,289260,-57172,8715797,3071786,4157413
357449,434460,172670,2176198,187900,792409
431909,499937,-74408,7566511,4563962,1727826
999436,137717,191126,1568919,4744668,2451724
268795,183595,132041,3381941,1334283,4854636
496232,129085,250877,3510580,3868971,723391
927040,384862,24982,5099111,1553061,4709654
510186,286400,156911,3785104,563066,347164
166730,499592,-31381,7759791,4058146,3184209
880910,105158,208623,1520858,2411331,2773779
394681,189245,401643,1848982,1208343,2868214
159503,173502,51175,6663614,2581113,2244967
664811,437498,70963,9933673,591529,2030880
537035,386863,41826,4996799,2724415,2811285
658143,461590,-1460,8566685,4398530,2426338
462366,335388,86994,7579816,2203548,4253780
75725,147766,210375,6107509,1591019,3903193
139981,323408,-70699,4545818,168920,2827754
94654,473276,122724,5222964,456547,2791460
963277,495632,414003,6533636,1709090,1265959
915778,62545,93783,4195077,1707583,4273397
601723,306368,-81248,9272800,113014,2123687
329030,365089,117029,6363998,3759362,1629426
338947,18224,-43727,4730232,1285382,4460627
565839,45738,158503,1020114,4582889,2366068
912648,423366,19968,9090499,3241849,2148421
283538,330875,277844,8247047,3932506,930631
341236,185760,-89301,2282926,2469493,295291
538178,498145,96133,2585670,406778,2545896
575894,244690,434003,3444250,1347682,1659959
499492,471725,-80831,4123278,3182293,3880019
266840,144649,418652,637977,1591037,2198077
483254,13070,18413,3768280,4082371,4794973
359457,131161,167926,2823408,4904501,3779484
675987,13666,422988,4884808,2652352,1300906
280936,324905,24481,6737640,1581817,1445367
249931,303512,115400,6937388,2065074,1550450
249629,142855,459873,4754419,4770058,3731040
215041,46914,78936,8530899,4012931,1699576
708361,206579,292136,4722580,4590334,3256849
741912,132738,348330,4689058,1852502,275976
427113,477242,289954,7345136,1512538,1615196
78148,251965,-61933,8479966,2076819,4216771
787089,334670,-81927,2222827,2124520,1055851
658531,469051,-63965,7532300,2482665,87994
261995,443981,96049,7737174,3984053,4298506
916606,287100,133782,808672,782722,2674921
688843,223967,489738,7021154,1841396,3551525
920790,313384,434670,8825977,1250847,1444730
582843,388152,357828,4607167,1084104,4649158
266508,435364,-38071,2327039,2500700,3803730
813591,99270,187313,396063,3925416,4081650
906942,271901,-12532,1483875,4068293,4364489
116530,24097,-65406,6725169,1266053,1968615
614365,146467,91703,1976336,4151599,988534
832352,152313,-54967,7641586,1744000,4478262
470337,371036,487421,4056778,1440598,2379320
734839,163768,-26139,2987757,4596925,3874376
815889,251726,193894,2568665,2619849,905668
469773,337624,464749,6572973,781658,2689276
218261,51163,367016,792924,3846315,1328155
774469,24816,-21778,2670115,4929797,994588
351097,448056,444897,1761655,3825702,4459399
325139,238619,103981,7599066,4140284,4012761
181829,319997,4211,4772412,2449771,491632
281836,160989,86321,3200498,2505918,1319752
448974,101731,342111,9512528,3855721,4041103
999913,157638,387689,7281479,2416304,539954
212283,211524,356956,3911666,360435,4060807
206769,67823,-70016,3919712,208477,3023337
571353,156878,-94099,1133668,2445682,1421910
233165,211592,62624,7812079,3780370,1421188
633587,6759,122317,5704327,2487839,4071367
960110,262164,193199,2573199,3738173,36505
545822,440165,45788,8371330,1396652,3716729
497879,359518,435426,8786283,3978685,1660375
574685,138554,-76571,808175,2030407,1885530
792038,291586,474488,1967306,3327746,222204
363531,431935,102380,8752233,851125,538168
273160,456282,341460,942840,2436537,983215
589879,98501,145127,4494643,3048778,577827
230884,269223,-82653,5989118,2743695,2347208
33247,400933,456110,5228643,1818693,1277633
34300,64676,464396,225355,2041161,3694815
477281,426168,382315,4322102,3912949,4712104
617086,222516,-92033,715937,1360015,2036182
543556,178532,436159,1475607,3906600,4648246
358951,95397,125371,119477,4563257,58784
284329,77847,108524,3656210,151894,2220186
729064,98607,64685,6608856,1458277,2541196
752139,225178,452467,2587111,2583200,3210090
442315,154521,151537,2109606,1654592,63997
936075,431752,459550,1659757,4524024,2100053
526588,69077,279551,7415830,3617945,4385717
246584,305402,371082,6256738,3716569,810981
572332,184374,-39455,3532207,3279112,2950504
847646,262009,134555,6271638,1098966,4944990
988732,427081,123894,1981297,4650549,1472108
386896,142717,202066,6183059,4266794,4753216
58984,386915,467201,9312367,882307,580993
312918,43000,259177,4629275,2139632,1260469
274712,31737,266936,8619792,1890875,4087348
130151,278629,150497,1235627,4849412,4904450
465808,305709,343057,345300,2418417,2183577
995067,423738,385278,9072618,4245843,2603449
143767,386758,56104,192036,3605971,1598858
658663,332299,-55064,6095802,4056389,1028543
713550,191240,102056,6539051,362579,4316219
146330,57487,125469,953392,4123542,395105
490754,397092,-71859,6115877,1613825,3435077
311648,279486,37478,8770304,3568920,4523125
698519,307950,-2641,3762340,4078604,4237234
23986,315914,54363,9679064,3527794,1131889
596146,83623,465856,9478637,1574631,759211
139312,370321,471139,254692,1241890,3268881
22666,498001,393158,8462101,2395251,3641453
310804,398170,479111,4557335,2942531,3960476
144633,342773,-76688,1757888,2873978,2003384
298998,388137,327387,2685917,4233583,2195028
860937,188675,334995,8210129,956395,4813958
638776,394088,400531,6247560,3878239,547691
717611,218046,396037,8046258,4580734,3497924
294806,110947,149062,7657845,3473994,782838
804824,293543,308638,1924964,4907018,271420
40535,133177,335684,7824922,1994606,487843
385713,221454,456659,8252513,4855028,4539943
848688,479460,-42978,9877117,2357600,2270156
361279,114575,233373,6889408,1020278,4562538
923910,378048,-929,4864812,545919,4600905
831654,212606,82268,1668146,3331837,1835260
611661,453322,258918,583455,2998134,2075306
657972,297822,389626,4136405,2359608,4785833
499570,81218,188859,9035827,1397203,3857593
466551,68230,455462,2286268,516589,4197694
283109,250756,397660,4545975,2443365,1222980
34538,341199,-23627,2971656,1237018,3109834
904498,454589,93021,4808569,1742737,1265973
211664,167552,93718,3955933,2317357,3574507
501234,483446,494305,2426729,1849971,4309489
909684,467052,-36963,6795233,1194337,3192132
149182,339402,430836,8374437,1474473,4259486
482525,44986,134213,4007129,3300428,3450863
168338,160232,104366,195556,3632334,4907327
194064,352739,402420,5499869,623881,3048783
224020,106358,54249,3569992,1068454,3381189
633094,477327,186166,6239353,3928551,1882508
934414,332073,122084,752755,4885925,2927369
907421,78506,389536,3766344,3351394,4812738
625270,39911,-39572,5750352,2877364,4776589
655914,354271,221497,843088,3404513,154375
129176,430037,87604,159778,2485678,4239491
927710,211111,440340,9583017,1726644,667253
228126,458751,689,5103361,3176813,3193818
228969,380597,346636,8175042,1663560,3089578
132409,89458,162307,7806113,2343673,1528560
557707,17175,203568,2273513,3525488,1904420
978140,386379,402754,9887557,3070745,551797
263618,321915,363547,9010762,4694068,4272957
779598,394301,303850,7013462,3352923,702289
60015,126300,35870,1111930,3245741,3547498
782838,91925,184564,5962044,2548714,1806218
132096,249446,410259,9568133,266486,3694032
641347,71358,191444,8380083,476888,2394318
195340,415543,-89251,1885818,3606597,562226
120687,52057,199631,3051720,885988,270710
884371,273294,125019,9648725,600428,1290896
421357,271569,326577,2182963,4507632,2050403
745716,259726,497218,6062859,2139706,3813074
115878,283176,190524,4356146,1778782,4156226
737270,7198,156553,9770114,4355665,948193
983548,458716,348532,389134,2939190,1415419
208286,189466,279504,7732285,447172,3872012
783290,418295,-46648,4424660,664673,1553103
784684,172292,324127,2966069,305658,3517145
174899,440090,63856,837090,1540641,1788244
983324,149931,-96809,9403173,1780283,3912216
334767,448676,95713,3935598,804085,4792337
871882,167491,342939,5082042,801993,3151537
889858,386009,-96369,1152425,775571,1190859
389989,406921,37244,6403816,878282,4597749
425515,441096,204224,877567,521761,3536844
53585,265910,120169,2816207,3485715,1990425
381369,28236,313497,6652901,4152748,4760411
74044,92955,452959,1849736,2624469,1471742
970061,221586,121972,6821635,367942,2951616
452296,108145,289878,151707,3944456,2484370
119556,151430,408679,8769441,3895204,2088937
536981,235785,321818,9577571,387462,3751372
891691,99914,-92901,6204128,3978207,537340
777595,370014,318647,1977145,4594350,1365097
210235,212990,480780,9323482,471773,2065397
35939,383387,-3278,9378101,2480630,1257486
976429,19596,454399,6787666,4613167,2437115
970445,431788,-36064,878799,2880514,1958697
162906,476973,123332,7179701,2845126,1089037
552335,137351,223064,979459,4316399,3962910
298249,199269,387510,8349953,2777364,4161951
85766,378640,-36470,1922744,3673638,3165200
418923,397417,329440,8267707,2767892,865695
425192,460732,169932,3943139,137593,122036
578550,143155,452370,4547395,741252,4392978
397261,125674,47603,9340658,952473,2394819
820208,387451,41214,2461216,176202,3841854
695440,262529,472643,7546153,2224758,899694
662664,245469,303082,2667587,3319497,600348
994346,415987,101139,364237,168542,2770911
464589,428191,488315,4569353,1467158,1381446
147848,443864,351122,4940351,1885932,3434404
627075,261713,59210,2614719,2722762,919121
137948,446501,-7399,2008911,1693906,3631301
589304,24063,-70044,4102981,3766434,2150314
412690,72642,138340,1519920,505433,4076981
509046,95093,369511,8460777,4869291,4477801
461269,222215,321486,2279441,140140,2219465
31959,435815,-60721,2837946,1565554,2135629
670890,187992,271931,9938074,1634645,2193525
760216,164601,48702,9849844,1497307,4084669
915533,40954,-38937,2188062,3796962,703464
800180,32856,154311,1934907,3280786,728730
238576,7573,345377,8452110,4726103,1587415
547833,476560,389934,3961774,3501001,4272663
924091,40367,419089,3733795,3466403,3603824
993703,242804,108432,3577084,1848594,4678223
175838,366752,82051,4427802,3671420,1368356
345674,327918,-2339,3499752,2439127,1525719
889989,28752,352776,3900986,3993439,4151426
71087,322173,371256,5432889,1945618,826117
603128,153757,23257,823858,4690239,847566
128451,397426,169054,144816,2927448,1166543
457600,318837,459252,104138,1301661,104455
847437,121739,318443,4263960,3514524,1519639
449792,323105,221909,7181905,1164100,1233981
49353,243009,463359,3964044,1559390,2346798
203075,261028,12990,6747463,2057878,4394241
224283,212980,-30481,7188166,4762037,2579464
324877,261609,-90497,321552,365617,2168344
75318,393822,91775,8532372,1854053,845165
775313,341676,47977,1997951,1143015,3390889
492690,349138,470126,5962835,4520756,1744428
426880,323277,351495,8805070,141563,3832069
601460,495641,-73194,9378463,2898768,4490591
750976,328412,76072,9903326,1395801,2053683
791239,490417,315384,2257280,2877754,3154787
103264,436459,-29881,908301,1632701,2822789
780746,193456,85165,5576420,1740992,3262772
823168,36653,370641,6396495,4412200,1563749
235281,162729,371027,4446657,1067497,2288214
647147,438168,307507,212935,3909949,466104
908613,420396,-15920,8300252,4274367,2176503
404070,233504,152791,9826914,3789469,244085
362228,126829,-22206,2250205,304371,768171
441839,133377,192985,5524441,3133128,508095
279536,476627,24447,4380650,2249318,2177461
327824,6622,20029,4623535,3144510,4890397
267426,53756,79830,4852989,1212180,1177732
187789,45809,407942,9857999,470888,2445296
523153,21725,238416,4410518,1413133,1500424
752452,197468,461931,9341937,240285,31576
847291,56226,206094,1830085,3246699,3683336
135657,86182,87921,2126110,2567649,2773262
245167,480781,262644,5741379,2261130,2734442
691669,34402,398685,8925150,1257739,3340263
490671,9263,287732,5619948,2251016,3675842
729094,232595,440285,7028887,3178411,2747968
80467,182900,244710,4666701,4638599,2801338
193734,52924,351157,8227333,2766826,2196203
632794,341326,-41995,3080672,1538543,2921451
119751,229137,117322,8336781,2752303,3347031
391050,457268,89784,8915282,2487587,2310457
940192,409880,467829,5302413,3202963,3462550
821774,302881,-76613,182409,1161288,3955123
702517,368476,-14543,7463280,3348273,2564728
471079,356707,44129,6866886,1821503,4778026
378452,165445,488316,8312411,4370153,2173769
979587,172469,217875,5517755,4499797,4093501
116081,395719,79761,5231104,654111,4846161
993237,484361,468926,3599701,1202791,1790248
623333,106371,384814,2027716,3961087,2618026
568986,43709,77558,9681111,2493869,4805817
120078,197192,444855,9622362,797948,2190019
877055,155322,322955,5341684,2609244,789957
32671,26172,482092,5181857,881635,1923980
428400,16555,270965,5859420,1517217,1517394
365528,485626,-96246,9934858,2794686,2989845
969611,476833,451332,5406490,3280545,2722188
620490,58276,-32740,7022981,281414,264265
61663,62492,-33088,7917209,4501116,4723797
25708,189074,156695,4993091,2113729,920913
888338,261010,432994,3900315,2452110,2067017
321955,356743,246130,6569723,1693083,663817
143883,470571,-70275,6202545,2065726,1006433
328394,227320,36998,2352641,3452862,2045286
122547,422978,4555,444126,1460808,2591505
999586,16046,161486,5207385,4231430,4118949
920681,233071,480735,8174444,71650,4886691
569042,383165,465609,1237411,1454962,4684071
761102,426985,133103,1770357,3073846,4213887
772002,189374,315872,6039334,1923204,4778979
152483,421366,-44853,6493404,2963293,1507850
668271,466463,342882,3430922,2389189,4046480
994774,271997,375584,4255479,256251,956803
224835,492829,200931,5809635,3894328,3496444
411896,125900,144839,8786594,4120101,4020088
94896,487615,356162,9342213,4563207,2105598
487095,420008,446015,1415823,1466693,4883014
81295,64129,-4919,3533372,944801,478298
753974,242091,284865,870692,1774854,4013031
897121,210550,492344,5967504,432811,4340453
283255,249883,-19898,8917353,4745995,580303
309648,119130,56570,4932091,1058314,998651
667162,465514,-32305,773812,4458608,3327657
18155,430203,331116,3032977,2543330,4960860
476872,151922,421608,7897698,1767787,3346640
835816,410328,17235,7082252,4446208,4198695
384705,126789,340917,9846734,761716,2670891
581542,160130,-80967,6716659,2817257,4626167
818350,181492,416409,3917042,2885623,569119
620269,43890,451120,4639170,1749660,1973957
988217,71017,94509,5069411,395430,2352094
564594,183376,277869,636644,878411,2202271
157718,168993,45016,752416,1907845,2855376
318987,137596,182017,5310307,2555365,3966558
655263,105424,464660,8261562,1989983,3741570
368745,282192,-10536,1807542,897405,3042362
117512,433327,17322,4291896,2341947,1211988
157443,173976,347557,6186932,283462,1600346
480587,322056,316978,1574620,3036068,4444921
383616,39008,423886,9663454,2018921,3264449
667409,398276,433884,1949395,3451447,615398
696976,210738,134627,6723063,2700196,4317910
375871,88559,442601,1089336,3838264,1597514
385037,60337,14914,5324237,3750357,3332918
817364,377760,447993,3238102,460226,4945371
127796,280494,3892,5260324,1814694,270102
301999,29354,164167,7521289,1857254,157631
202506,50186,90868,8550361,4901039,1353054
708376,33145,-19927,5747183,1722349,2343697
279544,432236,488717,5766912,181562,3169016
390002,91123,4195,9560592,1102305,1736334
708002,211258,-66152,4418420,4502664,3363030
549439,221541,189910,5317084,3217126,1857199
978911,25581,-31901,9144104,2443946,3217443
600978,93929,329276,3305228,4872481,1648004
538787,290195,-30878,5399238,3461031,1739187
540583,56474,473156,8982600,410306,3337775
917317,96748,316441,6614948,2774274,4471595
398215,130995,168787,5080137,1644502,3470096
331184,250690,386275,6817526,3983233,1340363
808615,336770,198871,8564848,1538303,3456839
432515,274104,9079,4529899,568490,3123506
678234,433988,-83971,3991151,2123946,4307839
388480,419736,146353,9815650,2610244,1571014
42711,185553,307442,2048061,4279228,4926952
801971,41408,94718,7447000,1311368,4787551
511157,361150,321947,6681118,1953124,4599369
194423,264568,271602,5132661,2842537,2829648
988771,324278,-31074,998332,3197887,3267983
526349,156563,217650,9368462,4714496,3664250
713714,137413,343031,7703876,1637542,761972
922495,180695,-57908,4125942,3912163,269427
667917,95327,224683,8651795,4906436,3587507
834792,398554,52889,4803855,1690027,3641171
747378,207503,437716,1662518,2876267,2249155
143272,148326,75006,5348400,204536,4986820
777836,187932,41330,8656135,4819729,3753185
996001,16344,-42225,2844804,4667752,2367681
712335,399966,167613,8399141,2995081,2865825
817789,452972,190998,1687819,2648385,724261
653409,72957,-23744,5282101,674773,3780433
87505,110423,261278,6641600,2067528,4436111
12869,325197,81360,6456381,1728332,34363
791474,469071,246874,694557,1052021,404798
464351,151968,318267,7339914,2235132,2055990
322252,191833,189530,8454207,1468314,1395049
646584,198624,142634,1090121,3672541,2108772
628467,256147,-66213,1825049,342007,1508447
100272,82454,445909,7945870,2545990,3251147
48467,262594,353008,583442,4114610,4897198
819760,357744,338469,5372225,1574960,1555288
887844,389876,211955,4209545,2978785,4112622
490047,426151,-69553,9909435,1419971,1605123
669347,42641,28046,6722766,4841164,4224959
68871,34711,416494,1851797,1662119,2009085
949903,337486,88490,8586014,437773,959133
138391,374040,307688,3552814,4266803,460400
449430,148254,404409,6970679,676840,4870774
620704,92833,427759,8138762,4689148,4079305
866703,323420,138404,9510044,1684224,1401538
840496,286685,416595,2991912,1496395,4117560
266687,361601,65937,7455566,2633677,181236
735451,480526,-53150,1709184,4109626,3020129
117450,49813,216364,8013490,921905,99743
181890,173270,143306,4898793,193704,4652179
448741,144892,-6192,7437895,115756,4122924
291974,291214,401597,2428476,1417064,1965206
944933,467984,128981,584273,3596293,4098077
410109,409338,422220,7838866,4053314,1148422
126381,347703,-46928,5213728,4764386,768795
483125,209615,377746,5486159,2446640,1774688
581621,481657,-76716,9176940,3328262,2967817
144508,46786,-16631,5746895,1975464,2714489
739650,231006,487100,826448,1966796,249647
872645,235876,170143,170463,1336188,4494266
409111,404953,184580,5550652,483797,4103776
160810,303206,423156,6952902,3135945,4524153
302890,452453,318495,9621791,4218773,4748696
583665,318715,152164,2966457,850607,4590784
975908,292654,188345,2530992,1834094,3807920
850477,286570,50787,4414380,2194797,3782515
370032,42265,60381,5401572,289608,2952609
967294,416066,349830,5011408,4791875,1810200
379599,254321,429393,5216934,3712097,434632
670960,71150,256992,9648902,399115,1582732
760020,92312,-31080,5695956,4074919,1950593
889611,94613,467109,8525021,4347084,1519837
181836,342054,441357,8003402,867166,2750855
739903,319519,405659,5990298,3196243,1501625
55714,126826,-92469,6966684,4092942,3350444
984339,40435,330267,8127522,903159,3760222
637234,363587,-32845,9053038,3948888,1390188
906048,455348,486712,4960319,945596,3137555
640271,215017,207747,9404088,2481129,3070465
476960,480266,374013,3741141,4827347,3179451
721851,493618,32503,3481915,1650720,2828767
134123,139055,265446,8530664,2655327,3876610
946093,495457,-80325,2248983,3269598,1472333
315628,156734,-26003,873952,3332808,580217
92989,290654,48087,1008380,2019412,133199
308356,214259,386799,4720792,640611,2138825
839957,177070,419349,1437768,4676510,434190
188274,455062,40905,3190930,3992033,3482696
697995,99071,170040,6959698,4982206,2130677
335352,273784,326188,1614101,478556,2689244
830260,311691,211877,1506150,3725049,3232989
421927,321764,466088,9013613,530350,4961904
799852,151389,-3956,1329458,546232,2607979
893184,120608,167491,9655880,3684183,2026307
141373,274708,389066,6396450,1737023,3971643
448452,163417,202929,7182122,2678973,2114417
125294,118824,266008,6460756,2096719,819195
469451,492439,-82927,4855997,3921240,4220037
981744,259444,454970,1593551,3962669,908628
658307,84273,307505,4073313,1476548,3771054
75726,342003,15359,2536831,4041818,2406716
151564,216837,-33293,8843662,3829044,2565517
387812,115017,151351,3939847,2074611,1079634
278246,472254,370670,1266670,300231,2353453
715696,128618,138511,780667,1111516,1355649
128015,450609,135718,5419728,4624475,1011675
750674,464297,489716,5510897,4785524,2067244
264079,130341,-49399,2114017,3422105,2717929
560929,296574,295755,7184364,1028935,3858444
699944,211604,395479,4122261,1080451,2184749
698105,32788,364184,4737203,2180118,3152536
523758,231577,313860,4775519,470993,1851049
950597,446759,311961,4994940,3451461,4282513
993609,412135,151924,2099482,2310791,3938125
375890,336490,423394,3749244,296331,4135186
455101,363266,149430,4714466,3081830,3348669
46631,44974,327737,5946866,4434575,3832147
776577,374453,22788,6282719,4651318,634152
82991,21371,451216,9954523,4130790,2255772
14014,312228,180466,450067,2846749,4370866
283237,427845,350930,2159385,3916585,2314310
28070,187256,250040,9929854,2802690,986264
832209,329060,-37708,7549194,1053510,4103569
66958,78972,453343,2467322,4261422,4490757
92074,198259,205035,1475645,1121192,3938094
545017,280128,252680,6662877,3465473,2975483
765073,300183,168448,9323048,1910371,4429713
186089,90431,431633,6143995,4247099,2800353
207392,350835,60372,7064705,3560764,4943229
168823,325750,-8994,9188503,1621480,3071316
640152,408832,29350,6732142,3460956,2475849
403002,369809,106487,7756495,1980873,2943865
743429,110373,-2148,345144,3665590,592314
508863,186144,392092,3922727,2410901,3851185
377654,291718,38593,1344360,3239858,2515700
589036,401646,180618,7325593,3002053,155693
540089,255195,77832,5070809,3341987,1659734
160262,148748,206773,3149316,4663311,3698190
452905,409032,-54768,6722575,4467338,920789
245362,37733,248688,7603276,4153099,895621
454209,221752,360385,9638342,840671,4503122
563880,7050,212813,7367807,4557863,571548
807079,114996,109093,3060883,4313272,714824
674076,38933,231328,1006450,4738195,1842500
229963,29951,-86860,9971403,634718,4389845
490761,37413,288612,382140,2244358,1713728
258710,170873,438645,8313062,1858566,4772315
230984,191691,423375,658981,2554973,3387136
907059,431129,11672,8597552,4102579,478451
866748,379717,230817,1897519,819565,3397841
792355,438816,489921,3977590,3746944,3232026
274512,193847,306140,7783647,3934175,4787830
611863,226888,-30714,3815929,2167191,269425
278799,266044,-6731,4491401,1659425,520609
247549,226165,158635,3028100,2353707,4504893
604319,248662,-25929,2053341,1589663,4913467
494299,171472,350542,1073737,1048899,2103333
622210,402710,121095,9621995,2148729,640458
458982,216760,413317,5533001,4352096,1978093
134046,127744,-69349,4002908,1870844,2454913
416619,356575,-29798,6771628,1001302,3797132
42097,210763,-51223,8003498,4255089,3819821
676326,495635,48066,6162133,1170803,805911
659150,48001,90706,5798618,955112,4803953
240229,72364,226022,7740888,3785447,1735240
128834,392132,180852,9184140,3914860,438910
103848,312172,488158,395866,200653,3279960
62921,243506,433571,9285665,4507910,4047746
715086,233731,324149,6336893,2538144,91171
660429,435789,430062,6922603,3533978,2483447
715660,136878,103127,7350569,3506537,2193448
294821,391487,42055,1905518,3538882,1199138
65609,192710,425069,3723425,436213,2259476
237897,133301,14586,3699537,2546589,2769374
984165,393439,349916,6621689,466690,1462242
41024,165829,189768,6789558,1213951,3473894
80313,39636,431111,6398941,3046244,793258
399957,216169,442777,6110224,4396421,1906999
194078,184352,71033,4191685,927751,2862889
367429,291406,412880,8695960,972426,1370573
942842,347579,191262,284514,728066,1887887
471243,198283,417,6836549,1927779,1771201
123632,453058,-18184,9287266,1675199,2347180
947012,395727,175709,1358624,1851951,3495862
261451,455195,74023,6029949,102949,1410507
13051,250596,447936,7396991,4708234,4245040
714107,479686,343945,9451060,2242710,4413428
386836,436413,-58029,4883725,3604184,2574462
621523,308988,-81342,6771203,1059260,2767398
981525,331898,-78747,2850025,839148,398742
731772,432373,357382,7885446,1565509,2331945
199407,344273,79635,5835630,1603091,652911
459395,307186,57462,3026979,3871301,686935
959597,66665,250808,2614399,2219068,1695124
472894,251584,110097,1055205,3917239,3133305
221810,121953,420498,6766199,1358166,4637163
967238,481072,126058,1066649,2919530,4083332
737975,163448,485289,7593971,2145104,411072
83523,191626,80231,5080939,3770922,2105637
770463,150271,22775,9422656,3982623,2798302
104476,123533,457531,7676126,1173270,966010
243841,479628,219972,9916597,2561019,3531302
813451,449164,161716,5161500,1380728,753264
880045,78781,300455,1300532,1079242,4869633
232866,470966,168854,7596287,2217626,4478852
96672,71262,314600,5293378,3758201,3921372
608135,313744,71918,564462,400068,429503
354894,81898,119055,4968923,3474638,3189888
744994,460699,200135,8030221,2788384,168253
38251,154369,300187,6110554,454911,679745
637769,35448,322355,4703623,2558164,3221369
384710,293316,108139,8062366,3369343,1669537
560233,441090,-19743,374535,3693394,1289898
887284,12657,377958,5240709,1787075,2374840
42217,482602,-93470,2580017,1219070,781143
18308,261689,173260,4916129,4187075,3916377
278093,423641,490082,8307623,221277,4500998
193062,424901,110545,1017472,4736270,3995853
404366,379999,428423,3749279,2443455,1471433
754840,422794,271616,5116239,1411212,3358549
110235,164903,378336,3321131,1653344,1336325
84740,12906,179215,9077182,3323751,4700693
388496,328557,-79926,2534138,2519491,2157865
863049,59028,492131,8593535,2972321,2952050
760201,274431,-60099,7883874,1431710,1586845
813328,300804,173349,6690828,2641822,998722
927230,473974,295807,4317690,2107797,2047398
187247,327648,487275,3749886,851818,3537110
673165,195792,242829,5633326,2268787,4299639
539525,107979,272598,4546460,2845766,1075560
30056,39701,267631,7393708,4465239,2764036
186615,88300,478688,5144080,3249362,101656
197628,246249,56222,1053122,3151373,2172766
648836,153746,-68148,4763754,2850174,363153
383632,88560,413012,4617562,923420,3463708
144415,247615,277501,6640180,542503,4139977
416716,422090,-43519,8603197,4462903,4111153
456438,48642,-66309,1293982,2385071,997938
563663,496036,294341,9107611,2615820,992014
675022,332304,98137,8682447,2550511,3811065
551252,284746,450458,6754754,4128813,872839
647717,370464,432726,606453,3546716,1692245
262764,93801,301220,6648894,994461,1074367
724998,293075,-44574,2607743,1517256,1116623
476882,99377,139968,1655811,4399025,244898
750427,296336,188963,5177198,4380972,471122
522153,313686,395384,6284377,328518,685025
77215,394159,421121,3945474,3461647,4274550
865474,309664,55289,4024482,2755421,4119683
154356,331916,161501,3332452,1414359,1615752
213861,456978,419165,5047796,1212586,3293549
365612,317250,119780,4390697,4767776,4775123
464605,86121,195138,6986940,456884,817040
19435,30559,-2244,3912010,4503325,4142443
457556,372739,342632,1578081,197032,2453292
709438,38742,-4335,1670889,3338157,3652891
875264,336813,62002,7473372,4702124,2164828
585581,478415,161691,3171640,1412516,3603345
88781,157826,22232,5353974,2425100,1043388
201475,140044,345358,1050922,1768562,2794975
170196,337975,143051,1784449,2306356,3093362
236507,117217,57547,8954198,1379785,461989
316063,46873,312104,5853371,4349376,829555
774121,492877,468020,1533284,2811642,4869382
786665,373676,208449,1217374,4333664,4922301
700607,393411,433634,3099610,3433737,3087026
131172,408119,-87237,2398756,4951366,2154751
366902,139092,90237,7200052,742353,158469
494963,308899,329332,2888107,4931539,2347422
465968,353100,116823,8518865,2808566,4180555
328717,91988,-8647,4701731,2378033,526394
69101,50648,121373,7273877,1205933,3784159
505972,130991,257792,1085257,1540309,2100825
298790,407732,449844,1201267,4451744,530112
900617,382149,442387,518829,3355107,3300303
557337,7396,271233,7140906,244152,2714114
744965,89082,76168,3538780,1978356,2656785
370260,417345,322225,7617750,4847927,2428853
893811,133322,102041,1646933,862744,3089710
602673,137663,-66134,8813937,3169812,542249
660419,16303,5400,3056151,3262713,4394077
443374,166633,239119,1327222,3850760,4547112
730777,338863,335071,1643812,1025112,1139775
557577,254690,243701,7931038,4727482,2206916
382370,490324,37488,6935032,4083123,1180933
897225,264820,496804,965256,605839,1401449
281967,104616,86987,8048745,664101,2528929
201232,391309,311274,100917,499813,3002933
314119,91231,333934,7404000,3896300,869734
19540,274458,194746,7250406,1928266,1677832
550652,24623,367874,7168931,601238,2267728
407827,203747,371328,4573447,4661008,1882154
561951,495042,89139,8750699,3693488,2717834
61991,463298,58588,8891765,2131280,923605
198751,481840,105735,6976913,50215,3019526
376326,110228,162299,6239996,4612051,1520399
696337,431346,23950,7657773,2945107,26939
628992,187828,229638,8737873,3219562,2551083
59115,364768,4648,7837777,1067375,4510908
363151,162364,-61453,7654159,322544,2042656
753583,378929,453083,6665792,584633,4075011
201962,353350,86368,1484822,1913907,3299986
731747,74274,445735,1907402,864661,1277403
159143,138541,156190,2049902,2657421,1325777
724635,58947,106402,9623979,1366303,4354109
999873,158606,152419,7605191,972401,1864165
546226,199692,479365,8817429,4757926,2257837
962699,53874,12782,9148595,1170113,387224
363824,54708,343316,343877,1863353,4683802
14000,79553,272013,3445026,4642087,4442482
735948,73344,210925,1020759,4714759,4463722
897474,316282,86339,1861369,4476421,244433
365754,190374,375595,5886572,3529664,2036199
261492,52638,317168,9955780,3589172,374446
900123,83249,-1304,7662160,4203514,458934
509522,373009,403650,8486369,2708492,2667885
501072,7719,-49061,1958997,4695289,1892226
48304,158962,41521,5080249,2193184,2917658
514999,475452,474578,9907434,554910,2088038
341593,434725,235098,5075467,3491558,1481617
617274,47534,492278,1529290,673090,833271
161836,97241,483098,5288757,2079341,1952120
118940,417003,376513,2220711,3067465,3021098
834926,131209,46295,621244,2576915,2699762
275517,447061,365453,6371271,2452114,2949905
677521,194004,164803,1499769,3529799,1692964
631820,97124,-13484,7013744,1819617,831939
889090,96659,-25433,6019359,2488761,4303548
395777,169134,26498,8976659,2898039,3647588
634674,80713,364894,925782,687509,2495084
561638,223335,436397,539439,2446629,3513123
627296,493972,184154,1364134,930432,3965966
890729,458677,39544,6867567,516995,3624705
559639,80418,146183,5859919,4872778,2510120
622956,464888,223853,1994554,4934299,3942613
648873,133232,363001,5955319,3989625,4065032
942809,433048,-65482,7705503,1679618,3767378
347497,168038,-46091,8084638,3424775,2206274
217869,470761,415693,1047272,2240002,2439700
75953,411203,439570,5014082,3043349,631458
853890,173383,378082,5830482,1292522,1541439
510328,298719,139017,6041028,2618101,4106920
816790,330996,314994,6700430,1016325,2083890
13267,263722,352891,6443902,4047936,3391579
92745,137079,369164,3219734,1347776,3511661
886020,207053,-71635,7848408,4969831,2727956
834945,81242,365982,811943,2091215,4075249
167164,183589,341416,2721158,1857317,2614902
545626,34257,173146,7830484,3752590,408008
141484,485488,176091,6243243,3822088,4129214
541831,440423,110294,2538064,1533702,1333957
902323,149353,16219,5854640,4978476,1864260
961000,328390,240754,4330207,3936613,3559651
70692,268579,480595,5546441,4060442,2806647
230156,234947,35565,2098173,4354083,184001
233992,236758,212229,5958204,3354860,2424607
526771,96357,458516,4806797,4696386,3916419
840857,162732,324871,1590017,384248,75867
573044,403300,467760,3202641,711440,98780
553176,480413,37888,9358054,1243502,2705145
701095,411723,-22825,741593,3379782,2951478
843727,208667,488595,9955738,804981,884072
124352,88807,208877,1634227,431325,3777263
879474,443755,-4972,2397905,863526,3859981
95999,383097,409666,4297079,1013544,4205031
27955,143563,42312,2687551,2476062,4094591
834273,263778,391450,4209070,4928274,1029051
80640,186264,-7507,1906210,655751,1424119
206582,478611,25149,4089284,1788614,1278182
962415,390941,102435,6456605,3482338,4084161
986535,331032,63834,8515224,523656,400732
754086,78609,170403,5040359,1008379,2580746
410573,276221,81211,9722823,4861889,2261743
435695,253512,176993,3938187,2951884,4036352
71476,258973,243912,4501207,4077187,2286158
316955,288097,268252,6191111,56464,3130452
177280,475135,217013,1138218,1639426,3315640
685510,381826,-36905,8840973,3775530,2720807
605468,335033,17886,7292767,1211140,1472417
708646,159893,379926,4209404,1468767,685899
647144,435783,185711,8849917,3663163,328774
864882,120374,-64708,4350167,2704074,496626
424568,29860,-25187,3418843,1885068,3033871
196141,157267,475919,9266243,1894277,4859617
908320,82475,-90115,9201948,315039,621868
644736,489090,85378,7391916,1441579,4543910
548685,354410,227231,378495,2126259,1417757
969059,157499,322381,9319865,2251279,1214656
188031,367876,360244,1946357,4340730,3466800
928232,294227,474100,9811781,3096672,748456
978021,223118,372367,6017054,1110538,1148452
129180,324516,220787,7980055,1446102,2656416
76234,128786,-55100,3130486,54011,692986
574242,442280,336162,4080053,2014724,4564704
188352,12813,301067,800033,4264086,2298013
89459,36598,-27308,5207742,482941,1777581
419995,262951,360796,7136278,3239187,2358818
205004,98106,300584,4001403,2758685,3425398
476152,294226,-53597,234445,653151,4832455
951970,296385,212023,1945700,1873327,3354849
964443,232286,-40129,8404831,3976449,345510
735256,442785,382604,6982727,1890277,3104973
962774,16745,391862,971535,4550328,4656637
69163,293173,-67826,1842166,4358307,3211824
485853,149097,123563,1135408,4494910,60248
61934,237732,37653,1561312,781636,4075183
730255,390539,10155,7727742,4804489,2187040
435523,150360,233997,5153929,736290,250346
850530,94186,211822,8985048,1811169,628821
464137,404756,401608,1571926,1830832,4246258
15486,364912,27795,9940745,3266662,4556167
149407,218030,-11332,2973524,2414825,674164
883332,204950,373620,2842455,3972380,1806641
660308,46846,453091,2369409,2503894,272739
637083,499364,336571,6113704,2230139,3447464
230184,343076,130147,395599,3769194,2431961
676490,153554,455083,1657009,3333737,278116
359652,290555,407820,697904,1482672,3433754
771315,449191,170914,216841,614174,1780330
652612,458761,435381,6007726,1672563,4668575
332710,345941,293409,8658542,2578474,3834857
207775,319451,262455,5926038,2257928,2656460
299336,401309,179713,1235270,3821460,374765
797494,475474,204214,337068,2515596,1930382
618364,289186,464485,5124592,4455113,22879
99780,57930,426549,1704243,1463967,568086
162617,253656,57584,951161,3437990,3787807
555977,442629,248939,4872945,4777589,1541618
807606,249459,191077,9193964,3301830,4905737
360605,229695,464871,1738846,3461097,4009143
922606,365027,274226,4330987,1732978,4692251
899465,300900,317216,9948018,3124126,169472
543636,58268,11032,7970907,2669222,2101028
951218,437430,106940,8813542,1985772,2905537
48102,217943,204748,1902466,4618672,2737850
84460,263916,361552,2482865,2472952,1708019
374778,426818,126727,9286191,3272018,3310335
99930,189403,-26131,564310,1911663,1789472
541089,53901,102416,3814755,1101690,3623983
637438,367130,478533,9045850,2960086,3159783
737627,199488,467344,3227640,99768,2407466
189208,168268,310925,9256831,3506000,2336168
164697,395530,220701,4403677,3828271,3918673
223945,272770,179687,4198535,2313557,1944984
241915,143496,330634,4853292,2150326,1348971
737952,280001,396507,9660912,167769,4151314
218124,246531,309940,6327952,347542,4296419
447477,251693,165972,5773938,2576297,2047701
535830,418198,16656,8109292,3331121,4020086
293821,475177,-82913,5208728,978864,3627760
187804,400196,193481,5160795,4112834,492870
715703,184362,36554,5869049,4643321,4567612
49081,31431,385757,1019134,981775,4219689
728216,352120,82024,1955797,2516511,4007581
365249,243360,36535,6479515,3345784,4162109
229930,349855,494736,8178886,3021679,2615822
815497,31385,428936,4736440,4184608,127369
527313,436374,292720,6589759,1298749,4949294
224532,421235,195767,8999770,2649098,3729127
622380,285783,352372,2670725,726337,2360876
529332,90530,-64366,2526277,2073553,3383328
326837,235983,276742,7300987,2146419,3629047
299106,288707,211478,5424852,3792918,2241737
38295,437557,446342,5680509,4336476,2877695
23807,382816,494316,1417621,4915294,2775847
445564,403992,446495,6508929,594344,1758076
167504,434660,373866,3737967,1237030,1660522
248067,467132,214925,2467893,1154315,1177213
495008,406927,92512,9928959,98639,917153
985358,210390,432498,5866140,2600206,2724660
967766,350114,468651,5153127,646682,3010827
702440,248373,91420,839574,4574105,1933298
404540,352697,400844,4171495,2960744,3635279
887699,166779,103196,425437,1930164,4046423
527923,175182,99919,2191013,4426751,531397
176981,197860,315648,3781890,2495738,802425
754699,87879,157324,6091305,4919236,3120997
29870,437043,330599,972834,430069,3914413
962082,243260,275960,4737370,4248440,1576772
213196,403871,372406,6726379,2209020,3011179
258683,312003,83965,9108304,2491559,62066
244677,451841,66892,5987774,2965751,2481146
36790,319242,34832,7452132,160957,268480
653162,151323,53262,1132499,4784071,4193005
821721,127413,-32589,3920888,4363696,3762331
458345,267670,185521,7830302,4904487,1021214
759074,335904,339953,7634504,2927668,4090554
497462,52837,-61789,2431348,856017,4181364
549773,265550,113981,6665269,3430575,1945822
840914,278680,165888,7299107,911501,2583937
96188,33541,187139,2906284,4510168,4207739
539036,84083,458830,6672531,4525715,1946513
752129,449243,-89349,1241452,1245344,3315742
674795,39531,-761,6916080,735328,1480851
800141,275856,337625,5650560,466561,722917
658249,371245,55378,1330796,4295871,2945973
40355,332599,50158,213936,3126263,2946598
721131,79744,307592,4310583,1819361,4496745
461015,257859,223494,7639769,4851436,2667179
416332,134749,233569,4380428,3810713,1461511
166542,272253,396574,2533351,674913,2710993
183416,316412,329852,2289063,1571193,4212618
315062,236809,344865,2919182,967999,628119
848656,321759,327826,9482586,2978339,4017324
573586,87503,155948,547244,2083764,3525530
511708,259346,421481,6352016,444768,2929697
876651,427975,371249,9327535,4295576,651462
71629,90708,-35800,8571414,299264,2337089
338184,196184,5848,1378673,4056622,554653
502734,107471,6022,5268638,3874977,4505477
765195,259225,312755,4215741,286538,403186
300160,162661,-37932,6878892,4759751,3765490
558248,166087,370529,3557521,3659134,4544666
830023,165081,61445,4784013,203706,3314299
223920,350453,37103,5144829,3390552,4969691
899765,393590,124605,5783860,4998122,772790
252804,198118,103047,2538710,877150,1760093
386965,373805,149768,8987120,1836852,1230682
470857,162215,-5525,867442,4586857,2905018
832827,11154,410370,8036627,92137,617317
514492,157876,426570,8963886,1491945,2110923
663983,439904,120972,2030440,188925,1703675
425916,69288,62777,8868201,2683819,984303
831052,56195,108944,594955,3344900,4004417
768574,287725,136440,5578878,3846098,330580
138148,450864,212727,5779487,425233,3263507
816991,297231,-92539,4940349,3589730,4853483
496261,186002,372501,1726528,2610272,2886237
365540,169053,48586,6196696,1784635,3641047
202714,74298,283395,3014611,2007792,4983064
741899,313311,394178,1408014,274062,1046658
293876,211376,131496,2347680,2205138,490674
269747,441624,460315,6689154,481978,4757924
625650,44499,73921,2921839,3552646,403056
433570,392960,464046,398783,3941865,4293335
285987,450485,216456,3702571,4200579,3622914
648353,174631,230814,8440960,1203891,193024
868158,250198,-17721,9626221,752214,1086048
27640,472535,-84566,3979928,1810143,2167098
62528,247997,340991,7139879,275687,954353
834845,493533,237913,2215226,2989701,3419413
269214,101347,228821,7062365,2292365,1061341
849070,315931,-16445,1440683,2811856,4509522
980240,302632,76806,3730400,2121088,3840371
511108,341585,381719,6094602,2163048,1833980
644421,210735,333819,2954119,79813,1976849
378501,27431,369924,2773705,3261407,1731742
734226,328825,-31197,6407517,4910345,4877920
160159,199555,332548,3697170,3985388,4570351
182502,127720,377742,3405610,323541,4723094
165576,54153,145404,8941830,3799199,3305453
934618,273512,202523,2188618,1665181,3635613
875291,425640,-82703,7696537,3374714,2146491
896089,379504,409346,7022972,4084649,3574701
938479,181076,20234,4500852,3188893,314543
21023,482085,468302,6859991,3896342,3986173
555735,224724,78570,2693157,1400816,3122261
398043,379899,409733,7158021,2463081,1466498
296103,61985,184996,6219922,820348,3707925
76203,317213,241383,5675477,2871058,4178986
915588,319470,294145,7019879,2087171,4723297
170775,113737,411603,7859080,508819,3101287
19337,217133,407365,6762064,1258060,722932
580715,159470,48510,317314,494874,991271
524723,234465,79587,2735122,3978683,1002206
333673,55861,430032,5828394,2158701,2248154
374167,343041,335633,848692,3660160,13285
356809,217977,260890,2482962,2104048,2667303
640075,132118,101260,3566689,1113692,3043361
697281,335721,431885,1714694,4788637,1714491
305451,201713,330442,9070512,993831,1391688
430571,14078,103199,4565669,4280013,1112491
137016,423219,276794,3981143,3124795,675979
801267,329912,384585,5011077,1780841,794278
554447,56047,372890,2045537,3923691,517553
507562,338770,283100,8041238,4473471,986778
712965,324804,15598,8566724,4101939,4094457
393934,240458,150100,8872978,4549367,2480562
902048,448002,33241,3474659,919953,2548076
965592,400141,53124,619385,2633273,3808057
875184,220048,365065,1672138,3148056,3208747
327428,241293,104923,5280703,2366374,4735965
329187,122832,-91964,326256,763806,1912871
700907,397550,456066,6953878,4243616,632215
893439,130150,54245,8909147,3489187,1821049
92844,162087,102747,7949453,2807506,356229
561820,38320,443088,6594290,800774,1176572
175421,332025,187516,3473307,3407963,4767812
132402,95827,223660,650242,974993,2499799
128012,369359,233299,7101837,403791,4736234
448661,424505,-40500,3597831,3490227,89971
408929,264931,67647,2948439,1434525,1883200
590466,401605,136527,6078106,3567778,1576049
583695,423899,335477,8165819,166220,4601901
473556,411845,452004,8433920,271421,2859095
585278,328694,296452,8220766,399317,1325502
139473,29826,309064,2121835,3971087,4390088
993049,105734,-97648,9288295,2977971,1209110
488007,162702,33004,6527095,1082469,856462
854573,234834,432844,6178159,3198817,733879
427009,182235,248980,3631674,1381379,3998571
328714,103511,-49902,7436302,3708997,3342006
236156,464651,274313,6382827,4591490,1629814
178964,278797,147199,8839287,1467191,1454315
535303,164033,26060,6892566,3397526,1512718
71813,86941,87954,6121656,3527983,2838340
37712,210209,30544,6619585,4481407,1204737
634785,300806,424628,8232162,739925,3553525
935919,103818,367243,2526105,2236394,408825
777214,454662,424426,4911671,1097146,1895190
122816,157360,293574,9592989,1252532,4705781
138778,258627,368466,6553877,2731478,240596
596580,100081,56951,7647881,3043220,2889198
295977,41877,462060,5155769,810330,4132990
145230,378706,-41522,6161266,2982878,4115810
728040,413529,357569,8758754,2880527,2752651
816741,216957,451050,5674807,872564,1443482
279114,77715,44355,4401828,2445406,304358
344618,146398,393671,6609762,3521888,2883798
842972,115091,499253,644026,2193385,4731005
161456,137632,77912,4042863,2118884,1592369
814449,346292,75767,6343490,2598600,4980345
872312,88186,136281,6584427,4993114,2996386
115570,424961,-15246,7321352,2253463,1191753
280846,167962,351558,4572089,3754425,1257752
927888,156094,407732,9878862,3966247,4594751
10404,390773,50023,368449,2035404,4705154
968447,450795,-19612,2950774,2176861,3324479
713286,75316,139779,7720958,3829337,126908
956693,482063,106846,5683281,2101723,2353145
284907,33380,32212,4530675,1098939,3385896
683744,115198,312811,9134883,3992518,861563
725460,269500,59380,6018806,4739133,860712
894574,75326,-55211,8613199,4228465,3957922
675220,359591,-73914,6922255,446456,651142
245365,119994,179003,9127712,948704,247902
352786,225971,431972,4561213,3811090,2170231
60612,287193,-8912,9823257,225037,1604441
820006,473933,294423,9697076,4452910,4514562
819956,372505,470387,1260152,2926262,492450
210244,283226,490381,9472275,4232531,1908238
807348,267805,60761,6405236,3321593,1529598
14809,173484,438181,2465885,1079516,2219485
173273,270064,391024,6295196,1746609,2669232
718690,489410,490706,980096,3619769,55807
154528,250378,25074,2814766,3659684,1445986
516964,458531,30351,3024537,78885,670501
459613,346705,-61365,1692173,4640723,1568274
917720,276090,-4929,1174477,2862753,4832884
48765,230314,365918,1573300,4639764,657272
962320,443716,268377,6859383,4604770,4742369
841538,240612,497093,397584,3179985,3194074
326076,283453,321280,9894410,1429339,2948287
944604,60230,241207,992015,2168736,3774993
853523,378966,164598,8120497,1893529,319963
556237,496872,183022,1751348,869973,4101701
211152,428243,82170,2971259,2700503,1193493
309888,470757,93226,8370562,1168844,4751882
710903,379484,44063,954741,2927746,1433271
904751,64321,492632,3452214,3846234,4628219
102193,137028,460881,2123615,1478926,1717229
46187,236447,460592,3110087,3944142,4060177
515950,341275,323602,4744081,3366363,2750936
148311,446124,13613,8630057,1507913,1561726
920886,476555,387505,5481299,2017754,2516976
810921,293107,314299,3118439,1296729,4401649
518153,106757,442642,235370,2831652,2910203
199089,437659,184334,956636,2141219,1660870
596165,366403,430430,4742681,1038167,3630597
446341,306207,321614,6294868,4267635,818062
322066,381369,83043,9404612,4267308,2999159
628362,383544,50575,6635223,3434169,4844028
697409,347962,25438,527244,3052827,677538
571419,271847,472744,3655912,3599436,4617455
970448,201200,164528,5111002,498013,2023338
650053,77099,93392,4813199,2336319,3088378
870395,424065,308288,9764001,981253,4882691
641172,167932,2239,2614368,1894053,2072624
135917,36585,464798,2189319,592955,4655373
820717,420231,230170,5225819,3600227,1957175
309770,475755,21668,892330,3357735,4271663
708168,48585,318734,4574843,4841126,2310612
491680,294102,448333,1842955,1848278,4020768
981375,293161,81948,7412203,3358424,2052749
291342,474923,385662,8754758,423145,1335831
947262,391821,214063,2886905,3504373,4988985
549542,443566,58175,1945964,2103413,4490609
54238,410417,149877,6834714,735611,915352
11252,296570,36917,8978023,1707387,901255
836196,284922,117770,3603548,2841241,1970022
874141,181313,443625,746012,2687174,3286194
964945,47229,240093,7285115,1270985,2288598
495450,91652,213295,2685181,3629269,4621534
325826,395411,-50153,8081512,395744,1891397
331638,254474,-41347,2369798,2078594,3921251
615605,184436,218766,4281726,1893441,4615681
337359,497049,189954,3539289,2654325,1690664
612875,393647,-22158,6741620,2811623,3556434
16949,265116,172647,7785815,1726850,2488843
773185,352022,-15239,8621267,3833799,772557
327537,324200,330192,2698475,1906759,4240061
738913,425706,416637,739872,3936932,2729713
672301,24975,228768,3955798,482184,4156477
560222,162795,302980,5041412,1259725,592933
950890,421495,20356,3059470,2386806,331199
790722,214373,117228,1036320,4672295,936502
465102,409777,-57273,5110168,3384944,3839994
347889,202133,240615,5522569,2958087,1421746
486467,355541,432356,1747824,708139,2439488
366600,185225,300511,9639605,3020424,4950935
325557,300286,334376,3483973,4155513,39092
984304,294060,-88610,5910786,4367293,667191
893671,69324,256898,4225903,4520697,2397807
314462,181037,238113,8921437,3111481,893435
260875,393076,239208,4511054,2781801,4091534
473389,140720,-78719,4414896,349850,1900576
80390,171205,-45811,334000,4001382,3519934
717689,448893,162093,8810745,91139,3469379
263490,101059,210655,8042992,4883511,217580
577376,492804,432893,7244013,821965,779032
257940,498166,262462,4673957,353446,1682992
375340,103317,294597,9055118,3421484,4752256
443027,206207,149415,9779502,1448558,3782380
518041,302190,-58131,808092,1035663,4368548
327623,445280,457243,7824826,2811158,486857
226464,106459,485676,1197996,1767479,1670100
752729,242697,-89793,9088400,1848432,21017
520736,205422,118401,4917911,1095716,3941895
816395,313037,59292,4958939,3873873,3110786
327267,106520,377266,6354597,3011937,2661788
660199,392962,396762,768629,4144638,3565392
898900,66272,105157,1271248,2985012,2378787
233777,228224,-77969,1483640,3743793,219720
869909,334793,363937,613953,2170700,2228222
810820,331818,495600,6151865,2603589,4000919
15569,149832,484054,6534323,1748413,3025624
604124,157999,43521,4663653,2581069,4147192
638861,353619,251977,7901402,4688807,2142162
439802,66367,87771,785503,187799,4127386
268090,234027,137199,8911249,231789,1705625
677375,410804,77164,437283,3867780,4983232
55002,388894,356887,4877421,4220163,1972160
781954,237750,434638,8879788,4678656,1744872
671614,240806,413313,5796390,852009,1661722
944648,385298,-31513,3799243,4356080,4241797
689574,188305,48694,2597934,262803,3847478
508870,49738,23853,678110,2305913,4034537
221791,38397,215261,4318346,2504244,2790877
212846,349333,135062,4702606,4265645,2630390
671450,343511,351610,7064203,1304329,3041863
676997,207332,133077,8384578,2920581,1160311
687775,387729,-76218,4443699,3544679,1605776
34071,343763,409492,7253314,128840,2078535
592531,116453,308808,3810879,211297,3127173
922259,24816,53245,7026767,3019656,4835885
904647,440456,22258,9424391,1981375,3254811
182312,404492,354418,3006492,4293460,3043932
267218,250011,382616,3634150,2355433,631747
224879,346674,286328,6242314,4270242,2505902
373714,421715,406581,5786321,2137001,2854517
436650,486792,323966,1841888,2731722,1291258
341868,376000,178710,222019,3505673,4633190
911791,218567,462621,1865317,4646985,4433475
872129,76635,284073,279001,1781530,3529567
563020,374947,20263,8302637,3462635,4371862
655753,221184,449523,3345988,191900,993061
938818,303090,-99841,9173102,3423694,306412
427170,322348,62993,3227022,4027497,2581703
67108,187958,267003,9082339,718875,2395632
490721,469868,47309,7145927,4840287,2897225
121195,282707,7507,2516826,303078,3242860
899513,97324,-85257,7880047,418893,2705563
46668,228536,-53899,4390447,3151883,1508118
295205,237944,142717,244771,765295,1810831
351396,276991,246371,5314636,1928798,1604362
574037,31155,130604,5849593,4050740,3750214
140560,346815,87450,1108923,1042652,2078710
376824,121891,236907,1920908,1104212,3656313
157979,350454,387030,8599970,2408730,1017705
159849,465494,305453,4016533,3535001,2792540
758589,154381,68785,5633831,2130563,326790
61745,136691,104535,4470602,2018972,1926195
380608,481410,79838,2780990,333816,3557480
101865,448324,470442,4767592,1890820,3797415
908860,39707,169160,2462854,4765697,55712
222890,418553,372779,7384268,2726073,2506641
33624,348681,341904,2509409,2727374,4538268
33321,202576,478526,3150999,2774903,2232494
413704,183686,220752,3151622,175851,1674092
819006,227500,147644,875292,2700527,4540801
932744,358299,99775,4027352,4911282,497707
184293,267425,-37449,2433647,844878,102091
937982,163492,66277,3823234,2103262,903150
793415,479112,-19189,6672829,1987135,545827
196717,175102,364028,289073,2458163,942196
946766,399274,268266,459281,2591396,2059736
390975,222285,134104,7215972,276179,3950063
193868,343404,443296,4514011,2122171,431743
669792,164476,102346,1185610,3698444,1573482
105257,239554,456690,8281932,4594340,1640872
598579,165928,84456,7852342,2529340,1535068
220176,145272,299009,3958884,1250346,4624228
200471,331322,396043,1159165,535287,2174452
924032,301141,36643,5400101,4033820,4595711
482930,423827,390083,7695959,4017610,4144777
846860,124273,13550,4033817,1810399,3347013
753091,177307,384146,7032973,345901,3984532
528862,253500,-8782,9314571,3134903,3254699
927806,171129,33296,676515,4185247,3093562
485774,137311,399909,4387382,4193403,2145896
927559,239746,418767,2150053,2253531,4582530
645605,250546,79767,5121983,1119412,2426738
149789,201733,291858,859401,4465743,2717430
399593,131945,140016,2085681,2082623,1966678
825131,50272,-67559,2661913,1285296,2342127
83686,356537,138038,4167784,3353131,2635090
77661,328356,-55240,1649317,3003028,1936252
578535,151470,185622,4362511,4861701,2084278
255121,125030,247860,6725655,447595,2028852
682108,323647,-1462,988698,3843092,4993926
377257,404854,439660,3586142,1781041,2155265
276765,11570,411511,1659657,3640511,4344165
156106,335929,121035,8296906,2467209,1090701
268930,14110,282736,7797808,576925,1288343
932630,84141,255779,6038271,2975609,3042115
670482,17115,478328,3980323,3958005,700778
814462,44062,178355,645726,806547,4054064
879270,290055,267570,2780259,656752,188157
881149,109061,167986,7866824,1389462,1763897
458874,299700,356331,8930852,2260920,2360959
572926,476347,287881,7499839,4873416,3838973
863499,395479,208112,590999,1187317,621709
128033,6969,53077,3289189,3007532,1239959
640265,310897,-45425,6300853,2216354,4949158
623157,481027,373958,7722611,349189,3353867
639474,402686,318815,8896015,1609049,3966092
831106,126863,380808,9359766,2304851,2652800
176926,277369,491202,1403306,2424494,1668332
580559,128008,491343,5589612,905953,4461441
870120,159268,135469,8909210,554655,1359651
441734,110823,23106,6667304,3826487,781279
383220,280813,367835,8545243,4011635,4084999
675627,435596,200486,2443136,286824,673431
231897,391542,-97743,5668017,3707942,587701
11062,115677,189508,4522888,1117979,1598404
257736,251958,11715,6524342,3199409,1815148
584736,53320,-73346,7228146,4598003,262515
105462,445630,243567,1820444,4075282,3902825
409445,151649,191464,185166,1738124,2881083
460009,130354,445096,8174308,3893380,619723
780173,93009,476677,3543571,4216289,4748379
582203,262437,388906,397883,2776826,293126
276776,453625,18581,6950529,1856242,2654046
638880,33625,27927,856079,143246,1986230
668956,217112,-65227,3733646,258886,4159161
381923,291233,320963,1543401,2417713,4977087
409384,41487,238540,6870153,1479608,3389595
642387,464054,401590,9104024,4113068,3773302
541849,233071,269836,3111165,3440888,936097
477010,377592,114764,1286430,2334798,1993438
616440,493011,481793,4255304,1582337,393609
659324,317282,442423,7015096,833566,3115003
396193,178895,22118,6810605,2961259,1873082
36734,435424,209521,3909395,2117791,2520963
933875,321205,54626,2759786,4779924,1763313
36069,428875,145739,1260714,829105,2396149
745265,106376,378356,8801524,966992,3491591
547198,430106,179067,8837452,270326,2258885
345623,346278,209735,4422751,4563552,2813005
480951,314199,486549,5348575,3572810,1296353
91264,248341,216480,1712033,3276458,2274719
33275,286652,236227,3031531,1496743,3055471
606562,440503,485236,3424024,4534781,3054221
484665,477132,140891,7223753,950853,4136553
372920,163056,64074,4975217,4497321,3214181
201076,115169,373314,1514474,701824,1671342
204053,275269,409452,8841647,4577549,829593
719913,41059,188816,8150418,2956405,3342791
582735,467785,41365,9850033,3221222,2483592
962033,108409,349076,5720724,4619146,2926933
922826,415303,-37493,3057498,2520856,4896202
609991,10704,-42866,5344761,3189782,4829164
872522,458792,33172,6299951,2427942,1026783
813692,209456,141225,1669720,1700224,3916997
122581,223200,93069,9616395,1398055,3280421
275956,116279,460897,5281930,905783,1936663
431240,470676,74037,7596110,2280653,795786
724016,163280,332995,7743374,634942,2437667
912580,123516,396013,5234639,4613870,4050013
954789,483366,194025,3671387,1470654,573889
126421,202096,400098,5014150,2267127,287834
535893,438098,157803,5382433,773503,4740654
474374,424139,216275,7838170,3549058,4541834
82303,381188,-87172,1009210,3562106,3904325
168211,237549,416835,8521374,398848,1748667
197210,34165,123461,6340327,2047179,3297281
796237,72203,338080,8258470,1531177,3254998
872557,489965,313523,6389270,216991,4008585
154990,271258,264662,1560235,4341256,2826112
168518,463181,181755,1558316,4042942,4833062
134040,41321,238384,1527197,2480412,1742141
678406,340441,139719,4228784,4710110,4293191
533138,363796,166010,7239580,926058,845544
428034,366448,337940,5032048,2193167,2249164
766254,250014,495642,6868419,152877,296629
800756,161498,-48626,3961460,3718893,2347643
872755,22772,14397,7202983,4638226,1644461
805543,370898,148552,3153380,1595329,4016714
965614,270856,286721,411385,3122753,2024601
550677,399583,323332,7018863,441670,1826418
656465,243389,192575,8016323,4676043,3957347
313571,120142,311124,3707323,1744512,4962575
694106,96736,-70664,6614524,3868806,2897569
132883,56924,-44650,6357838,4856100,1756988
753246,8726,493849,9422084,4983431,4354939
772501,356296,410470,6515261,1400339,4906986
927621,32723,-38760,909359,3469998,1030346
397952,394113,299371,2301580,4202363,1896522
122221,239182,470895,1594139,3784942,3129331
809666,367638,81196,5573660,90633,4013487
270669,145180,215014,3109828,1307302,4457077
769224,213786,349763,4252092,1101893,844938
849873,40643,488398,169518,4551428,817400
535134,167396,84626,276355,1928166,4594125
545242,371040,279039,8608851,4955627,3576881
351383,219432,428714,5301682,3636575,3941792
254761,144999,341048,6142060,3900404,4377207
842946,360824,452439,7330057,3473376,3591877
884668,363690,173452,6787764,2871105,4307255
894011,420659,140853,3299039,1922204,3001890
147541,84973,76743,2876374,1950946,4159570
957609,330593,-9694,6783635,976109,315745
838533,114834,426492,2418620,758669,1789892
74323,241386,-7231,3587379,4277939,1218402
626210,474959,-12735,7400259,2357539,4553247
199139,458449,-47572,6395425,3276419,4717527
190448,292681,458158,9572917,2646882,3990527
710947,499509,-50933,2529151,4015292,930243
964480,344720,12217,141743,1056891,3431103
245659,112522,318184,8659556,3997526,3412410
399678,27612,42980,5621452,777467,2346038
864016,230049,402367,6950322,4700100,1200283
114537,273615,236851,8050806,3048851,431001
874909,171703,109329,8990401,3711306,3906134
251983,245069,157354,8814892,2073969,2845309
576821,228131,423406,1930314,1047057,3888016
798260,36348,-38785,3877341,3724153,22336
11917,200804,211573,8757116,4798584,1479204
292762,268321,69530,4685315,2262292,2968963
566542,140832,77241,5998931,4420297,3201319
796275,299923,38731,5076563,3668313,1935656
377436,288780,353830,1870403,3000501,2989718
519930,86889,239384,4471272,1434410,4632974
581650,58551,326009,7668370,2357199,3778553
292272,409772,13688,5029426,336100,299372
395925,425814,208617,9765093,4308183,24429
776641,147635,390834,606995,2098880,1142870
724743,51819,280596,2285454,2519606,4156118
599833,340914,169150,6362094,4968349,884506
92180,489271,149243,8028248,3089316,3486808
622246,425182,498506,2172723,1095533,3367707
413081,217781,96416,5327528,1335844,853810
929723,458105,456718,665635,4723584,4241614
311953,163059,-76909,627409,1606232,4404203
388892,345858,448277,387635,837600,4632776
15287,194420,-24549,683510,4551572,217500
267665,29596,-81010,4822340,4017454,4304166
961891,431390,252414,4878972,1535619,4572272
18512,331250,150541,6435787,1888524,4996145
666702,468183,270416,1793481,1249399,1101014
466292,64182,24932,3161342,2701813,4445786
118872,491516,168083,700198,172026,2872750
946720,354307,13000,497891,1331507,4989676
782042,306454,459351,3181362,3260912,2071439
103070,323232,393216,4794505,2654684,4916526
614055,133803,409850,3747965,785053,2588305
632117,144978,337985,1141566,612167,1870966
954118,304058,-15297,5181502,3169712,1265950
439474,377494,395164,1719282,361741,3837233
52078,50379,314841,3534078,4247930,4542070
378432,476828,189220,9559521,1708800,1560531
617812,250900,153317,3397466,1593971,3706458
237645,263517,95877,4541971,1857737,4286252
546507,435866,246709,4950825,3801531,3443468
796667,445097,381725,7423777,2355289,1625270
315073,313557,467597,6905697,3081301,1099100
137309,142084,337470,9375707,2894472,2217312
339588,186187,258402,5695095,194454,4685195
673927,274295,467815,7538096,4680746,578933
898266,62716,39883,3153407,304043,394903
474008,360891,55344,1517231,4887502,4079604
730801,228725,365226,507974,2610079,791608
356699,172450,471441,3704724,4864647,1176026
345842,178724,8042,6918922,4974374,1778407
396594,208502,-45890,6947575,1895733,1550710
782608,149539,45051,1251882,4354388,3356386
670775,429226,-71672,6556182,1064391,3433082
701519,126999,175011,8218612,523006,4122742
53925,119793,-40766,9432739,4224904,1577043
147023,452907,127135,7099366,2934991,4304329
97388,462373,497690,2571321,123568,1209728
542295,375321,238365,800270,3254288,1553992
267802,17289,429739,8579025,1247442,2291636
445048,181048,-12822,4722942,1249529,1969484
68596,179668,136562,9549168,1840228,4394347
917533,421387,201014,292458,2373176,2953430
958027,236513,258710,4818912,1279351,3221208
361005,262368,285893,3996937,1011858,777128
789554,91365,23765,9897399,521678,4519408
883172,235662,287025,5597963,1479740,2341774
549812,381158,28389,4202553,3032885,444368
532244,180211,97227,8534858,4258694,3576194
422498,184785,392402,9839458,547619,1930773
689290,427950,160220,575147,268547,2844523
927581,77588,321217,3117193,601595,1177498
509097,68646,196208,2212368,4471740,526576
659789,270798,-31569,6918753,2372273,3801296
817043,487238,-44255,976336,2134820,1498204
158056,285887,-49919,6536737,1472533,2943811
24060,315512,116204,4998107,3889346,3843538
748345,226097,301415,5882197,3908804,2180856
487272,210244,198335,4171867,2375452,541149
528545,404657,11086,7210953,1443488,248366
839735,124735,356285,1518060,978252,4528362
200279,160683,314758,4328087,637073,875718
740406,387035,324528,4328456,650338,4417900
694647,112971,338458,4739022,4791330,78515
49711,17149,399797,5896260,124231,426740
153026,367246,58763,8637333,3576185,2376361
345484,326333,-77399,8979823,4195466,1903884
475317,243976,311236,6097804,1900131,951208
999024,419891,39227,2368693,4738200,4393233
228134,338175,181854,4024152,2303840,3292422
112974,47668,270858,7788659,2643050,2977381
159646,411889,487515,9396625,4072529,2348692
412400,474882,51094,8810506,3163534,2070035
160168,93204,336679,785338,3650957,3124659
602016,216830,402648,3602415,2848610,1674005
699376,201501,379083,6434625,3221856,1417576
545534,421885,245740,8543353,1130132,4031926
448774,170140,305513,1783032,1775812,32995
521937,224861,-31677,5332651,3335749,1663005
421597,145507,185960,6054632,4820554,1722355
924228,230160,464983,2218219,1712918,451168
963959,188321,312918,2248185,567200,699197
102263,42384,318458,8533864,4427987,509471
931522,86929,-44159,7137449,3889973,4959331
545590,395103,290642,8990872,1413864,2423911
863938,81153,98784,3446145,4776429,4694162
575445,240128,7096,9428303,1279003,3658984
589205,80388,-7236,2283955,2010220,20514
233810,36401,346790,9740998,3050264,2154608
106646,207903,433459,579809,822291,2114385
355266,124503,392148,2750432,3564674,3221861
820951,237601,268226,4275282,1083879,2940299
500025,132834,-96304,5555483,2198164,638373
490703,39084,26310,6964547,3123961,643389
984323,256459,-54260,1867413,268168,1167260
353054,115641,6611,2673697,198178,1385520
916862,110111,298172,3700952,108123,3365000
867756,454042,368947,2071277,2258977,3591311
277552,434667,375828,5646510,1267309,3793831
69379,143299,228785,9433348,2917543,4331906
35053,167982,488099,7996403,3420698,3806286
412662,303185,345376,6197020,2372018,1971328
666282,356064,487520,5454342,765003,4099437
108723,332825,12492,1296311,2325598,3579199
585644,239386,-69901,242157,4942571,3701198
282933,348715,323177,4888109,4541260,1360093
894152,201553,171400,1562603,886002,203691
863088,466792,379336,9763637,1411621,3594476
840460,265337,458969,236645,1220642,4485687
860916,132556,-8672,1752131,440508,1200064
42154,200246,205505,1286837,1819107,2975560
223942,31160,357719,8830829,86160,4752998
274480,251242,-65460,9668188,69156,3419747
375821,22633,57608,7945219,2620348,2013146
864211,493096,-15300,153687,2612688,2602440
291173,284158,240676,2590272,4704126,489969
855633,347676,289770,6943308,4201674,2501721
42265,54104,296087,5273395,1864630,692346
375060,439837,-53998,2729137,4964005,1014411
253322,344375,-50188,4876415,931809,4405223
184944,73388,315842,7308387,4549311,2941659
580485,21014,157906,6992180,787197,209542
922165,97578,8946,3961607,3858282,1730342
458396,169827,-33332,4224390,695649,3493802
164782,45390,-997,2756222,262986,1829833
694846,290855,120462,9615717,3393014,1960500
81907,96658,169956,4534315,3688236,4094032
925308,62993,-38156,1653744,79777,1233045
212967,210768,295395,4366988,3452155,4851905
860867,163285,-25399,5793014,3877271,2914936
312775,251860,210001,8221485,4664965,1946983
401182,456000,287699,5559501,248110,1414568
766892,274565,394700,7675327,4129430,770956
292247,223008,182844,4113582,464627,3564382
74772,497289,332680,2972875,2853089,3698498
136108,22727,73423,1941646,2425163,4367847
24382,379562,-6670,5900545,3782517,4575861
94291,9358,125391,8070564,3341066,509964
373339,332252,113606,8138508,4934872,3007493
669116,262681,307085,1696246,4803954,809458
292753,99018,91387,8294253,1267933,15435
157550,391601,141133,4528622,1749547,149565
242050,430333,386904,2569930,2927597,2952905
442882,486916,314170,231936,4450131,3438261
347827,299054,225497,8326036,3159823,4764417
502313,131888,375406,5252030,392424,1337654
396858,234104,338242,4942256,1511659,2637014
664618,322898,262916,2569970,2990107,2149934
605603,198510,78048,5162581,2100241,457628
874266,114847,253646,9785181,3071034,2577592
398349,427587,276087,5412470,4984349,3029065
24153,449717,271994,2678682,1206245,4069319
610613,459162,469383,1604900,4976622,474535
250773,305611,45342,8680504,208998,2658191
940503,415841,-37567,5383422,1726079,1358894
65318,301037,444279,4707765,672995,66572
404030,81329,172919,9571937,3812853,3560985
387177,36007,371017,7257676,4100230,2523595
86077,489518,247139,2480612,2053011,2143221
886906,175604,47745,8722587,1326120,747550
143515,321397,37686,8766712,4511918,1808954
216988,17323,-92585,5319574,3423195,1970350
869751,378479,337100,5669451,1858516,792533
